slno,address,assetId,assetName,amount
1,addr_test1vz9n04u062h8ngvrp3cqqa0vwl73jvr0k98usn5ttskjfgs70znka,b5b9b76694768dd99362ff2e48d6f42b91cd0af37a9db7fbe7907c32,Agrochain,276
2,addr_test1vq7qqkzl08ckrqs38c6d272anq6xtc4c5nv7uxeynqzsufqpudaxp,9f5b8c9fb2efa75cf3e8b0406213bcdbe27e280fe25e28717b369b7d,BurstZK,411
3,addr_test1vrkhkx3gqg38zlsh4px00wfjlz43v000ekfua8fyfemxj3svm6kq0,08e81885037e4e6a7b3960b551260a4d29ed856bc10857f1bbac3a8f,SpaceCats,357
4,addr_test1vpx2jgf2653jakt9mtnnyatan4r00j9vnqytuqrhc7sd38qq77nlr,f50e49cd95d6b6d9c3f4d760321c8eced1e89f461a495be76849d789,NanoNet,487
5,addr_test1vqs8m08h6thsnss9pd70fvs0nkgfw8f0eq7y3fxrzg0e04scjgkc0,9f5b8c9fb2efa75cf3e8b0406213bcdbe27e280fe25e28717b369b7d,BurstZK,651
6,addr_test1vpfqe9843cld7xmvlqdtcnqj2e5c83v04u5x4zzhpyfw02c2dz3pd,e66b8b16476aaa28d81a56dd75151c44a3aafa0e6b7189cbd6e545d6,QuantumPulse,704
7,addr_test1vp0qe07h8d00kpvvvk33nt6g708sk5h0s55v0f5zhegryugnjzkkf,08e81885037e4e6a7b3960b551260a4d29ed856bc10857f1bbac3a8f,SpaceCats,369
8,addr_test1vr2t7y2lluhfgvhkkk9ennxgjzmhvzdtll4dje0mxe74j7sh9lkx2,9f5b8c9fb2efa75cf3e8b0406213bcdbe27e280fe25e28717b369b7d,BurstZK,951
9,addr_test1vrl4uvu2s0eu2gpnaaa3qkc37h56zxcgqhkxmlksz7z2vfqksu36u,19bb9f9b1f89d54ea8f6274af15e2bfbf2730362d711cb26c8a92eb7,tClay,338
10,addr_test1vpsu7x4g03pktku4grwmjjussk53zu50jpf27xpnavfkrnqyapdj5,08e81885037e4e6a7b3960b551260a4d29ed856bc10857f1bbac3a8f,SpaceCats,466
11,addr_test1vq67ljw8fkgz0pvq8xzhl6rsql9eefu399egm8pkdlw37eshxjnvq,19bb9f9b1f89d54ea8f6274af15e2bfbf2730362d711cb26c8a92eb7,tClay,610
12,addr_test1vpnxnullpu3w2rkagvcgxcgqkwr7h9t6gc2v87gkgg6vqws7p9ff0,9f5b8c9fb2efa75cf3e8b0406213bcdbe27e280fe25e28717b369b7d,BurstZK,541
13,addr_test1vzut2epl3qvcc2jc30nrahdrqx0w6pfmytcfxw4pfs34p4q79pqdz,b2ae7d28fcc067c62342b4ea4073987c0e13159cf10e73ed762d5f69,JungleApes,554
14,addr_test1vzukrmdw4747tg2vsct25mvxzgx8yqx9srfkd3m4raf27kq8kg8a6,f50e49cd95d6b6d9c3f4d760321c8eced1e89f461a495be76849d789,NanoNet,507
15,addr_test1vzcx25n2hsl35z5s4hnzuznq0ra2hvetyqxztajd3du87nsf4k96j,e02aa67d70e1be127a528b09e38b73882d824766df74a7dc126cece2,StellarWars,188
16,addr_test1vrhgknvhapwumj28xy9j8jt3x52hkc8hwcts0enk98gzmmcf0edm3,e02aa67d70e1be127a528b09e38b73882d824766df74a7dc126cece2,StellarWars,477
17,addr_test1vpt35wey6jujeff2z33ae425urafw2er4ml0aly3s7vtw9c2wr97j,b2ae7d28fcc067c62342b4ea4073987c0e13159cf10e73ed762d5f69,JungleApes,892
18,addr_test1vzddu43ektrndn43evq8wpycw80qnhel2llft8a7xayxydgpe9s60,19bb9f9b1f89d54ea8f6274af15e2bfbf2730362d711cb26c8a92eb7,tClay,357
19,addr_test1vrc4wq2624grq8yzfr5rpqc4va0vfjw5p8ayfath6c9elhqhwek7x,b5b9b76694768dd99362ff2e48d6f42b91cd0af37a9db7fbe7907c32,Agrochain,438
20,addr_test1vql9l9ugv7eee4hm4pjtwdd8497nyd0tmeyjqdp8ndhex4qvcllag,b2ae7d28fcc067c62342b4ea4073987c0e13159cf10e73ed762d5f69,JungleApes,270
21,addr_test1vr5uw47ltu96jaxf9wsz76a0qhrgv37m8m9rhm6gas63j8qquu46p,19bb9f9b1f89d54ea8f6274af15e2bfbf2730362d711cb26c8a92eb7,tClay,557
22,addr_test1vrglwcqv7fmmtssrdltwceuy9k0awtn0nv5m8lfazaec07cvmealv,f50e49cd95d6b6d9c3f4d760321c8eced1e89f461a495be76849d789,NanoNet,498
23,addr_test1vqh9wnxf0y7ghx9cprawxmyzwvya334yn3ghzxtlp2rkx9sjrck8y,9f5b8c9fb2efa75cf3e8b0406213bcdbe27e280fe25e28717b369b7d,BurstZK,301
24,addr_test1vp6dqggjjdjx8rdwqh9gfxc5ddugqe7n678mnn3ygxnzc6sqpyku7,b5b9b76694768dd99362ff2e48d6f42b91cd0af37a9db7fbe7907c32,Agrochain,554
25,addr_test1vpukrzagzevqksc45pkhuxlhp5q2tfsux0sj9qjrh6uxffq9wwylw,a0922a11cc9dde96fe7285f6856e23616e8c12da674ecda5a0b7cada,NuTron,900
26,addr_test1vq3jawgns2nm84shxvnvucjk2lfkhgrtxkwm02msrd4f0rg3c4w07,a0922a11cc9dde96fe7285f6856e23616e8c12da674ecda5a0b7cada,NuTron,742
27,addr_test1vqr0w8nxsmhyes8pe8230w3zvp7y6alve5khvltj9jf0fxcy5wx9d,19bb9f9b1f89d54ea8f6274af15e2bfbf2730362d711cb26c8a92eb7,tClay,530
28,addr_test1vqdgftm5m79jgf4m59jp5z7sd97gy6p4f33alqw03zc0z4cthq0jy,08e81885037e4e6a7b3960b551260a4d29ed856bc10857f1bbac3a8f,SpaceCats,174
29,addr_test1vrgpzerlt3rlj8mza7zaeezkj5cvl37urfz6jf5ugcmjsrqtqfft8,b2ae7d28fcc067c62342b4ea4073987c0e13159cf10e73ed762d5f69,JungleApes,851
30,addr_test1vp0fhckkckhch6e5uf7s4rqlfalelag6dryxr08lv6u5dlsdc46cu,19bb9f9b1f89d54ea8f6274af15e2bfbf2730362d711cb26c8a92eb7,tClay,887
31,addr_test1vqxcrca4h6n0u5h236t7wjcmwpnxfz68e06zwewsvtw7fesmpdd3j,b5b9b76694768dd99362ff2e48d6f42b91cd0af37a9db7fbe7907c32,Agrochain,381
32,addr_test1vp25stkspcwz2lj5s3avmdtr6gkqj2736unyuq2lcfaye2gyxmgtq,e66b8b16476aaa28d81a56dd75151c44a3aafa0e6b7189cbd6e545d6,QuantumPulse,303
33,addr_test1vq2ae03hmfffj886egqppsue36kp8jfwhrn6y2glej4p26g0ydm9c,19bb9f9b1f89d54ea8f6274af15e2bfbf2730362d711cb26c8a92eb7,tClay,337
34,addr_test1vzzqsl76vlvcxnvejacc25yuwe364f49t4js7ze8h8cau8c6tycjs,08e81885037e4e6a7b3960b551260a4d29ed856bc10857f1bbac3a8f,SpaceCats,536
35,addr_test1vqvj7eafdjp6gkzs4qk5q3rmm9x9f44eau78ndc497a9scgsagken,19bb9f9b1f89d54ea8f6274af15e2bfbf2730362d711cb26c8a92eb7,tClay,346
36,addr_test1vpgx74m6ksr8xmdhfj5elc2rajn44qts79hfjkacnp3h5xq8uz64t,b5b9b76694768dd99362ff2e48d6f42b91cd0af37a9db7fbe7907c32,Agrochain,847
37,addr_test1vp8sqc28ztvkk4t8mj5t578n25cq0ya0fwlhshmq63hs6yc2y7lz9,b2ae7d28fcc067c62342b4ea4073987c0e13159cf10e73ed762d5f69,JungleApes,649
38,addr_test1vq9am3m7hh5rgpu0upq0mckv45dfplsgl48pw89ps7qxlzqgqan4d,f50e49cd95d6b6d9c3f4d760321c8eced1e89f461a495be76849d789,NanoNet,775
39,addr_test1vrkfytr294ydgx5ymsplw4n74tc3mqeasdlqvcl8wq5dzfq3n07e7,b5b9b76694768dd99362ff2e48d6f42b91cd0af37a9db7fbe7907c32,Agrochain,115
40,addr_test1vphn0gvnaac8adryrft2fcllrjwsxhz74ydkv7f5vmgecdsgsg90k,19bb9f9b1f89d54ea8f6274af15e2bfbf2730362d711cb26c8a92eb7,tClay,873
41,addr_test1vp2jsa88z56q9zpys3y9hf80rzqtlz0vgju8cnpx7drx4nqs4yr99,19bb9f9b1f89d54ea8f6274af15e2bfbf2730362d711cb26c8a92eb7,tClay,137
42,addr_test1vr3y8kcjad4h5uqr0f9ast6l4udy88svkvycrg6a8uq6s8qcwyl67,08e81885037e4e6a7b3960b551260a4d29ed856bc10857f1bbac3a8f,SpaceCats,818
43,addr_test1vq5cvnkqpjyhnkxhu29upzf6m0qr40qvsq6u9mzjs6fvnpq5r9006,a0922a11cc9dde96fe7285f6856e23616e8c12da674ecda5a0b7cada,NuTron,766
44,addr_test1vz85zrtu4z9rqz3eepeqwqa54qkya674r0xx40wjpskcn2spetc93,e66b8b16476aaa28d81a56dd75151c44a3aafa0e6b7189cbd6e545d6,QuantumPulse,945
45,addr_test1vp4r6hkqmccsm8swssxwrg5lrkky5yg4nwsr6w2mjt50muq980akw,b2ae7d28fcc067c62342b4ea4073987c0e13159cf10e73ed762d5f69,JungleApes,230
46,addr_test1vr7ukucr44yykxa22fet3c4hk9qpusez3w279fhtj974h6satq22s,84e2b7e0ec32f81091c30f7a38b32c595f79ba8b54f0f98e2658873e,TitanCoin,102
47,addr_test1vzpn382dz8skzz3wveh8srvgvf5mec0sdxszsnkdmgx784sra73sf,a0922a11cc9dde96fe7285f6856e23616e8c12da674ecda5a0b7cada,NuTron,128
48,addr_test1vr3p5hde5srku52zt9t0qxund00q3kcsmap62272l3lhfvsq5nuey,08e81885037e4e6a7b3960b551260a4d29ed856bc10857f1bbac3a8f,SpaceCats,551
49,addr_test1vrtjk9v8f6nuy0le2cdfse4w3ac5yh062r8aaxqv34yerxsjl54cj,e02aa67d70e1be127a528b09e38b73882d824766df74a7dc126cece2,StellarWars,466
50,addr_test1vr2al0xgkm02asug8zrh0tar52kjysq02k2jnfdrkc9yt4qag4hhw,19bb9f9b1f89d54ea8f6274af15e2bfbf2730362d711cb26c8a92eb7,tClay,205
51,addr_test1vrxdgewkw5u93j0rf852pqvsrhdk49gtc7k3p9z753q34lqu25t7p,a0922a11cc9dde96fe7285f6856e23616e8c12da674ecda5a0b7cada,NuTron,926
52,addr_test1vpt0en3a6dlfzhe2ff8sekes9whmn3c90k7u2fs4m974j8ctnv22k,84e2b7e0ec32f81091c30f7a38b32c595f79ba8b54f0f98e2658873e,TitanCoin,216
53,addr_test1vpc7awc9v58xzkmsw5hsyux3u6u7v3z4t9j7qj4wsa05apc2fa6le,9f5b8c9fb2efa75cf3e8b0406213bcdbe27e280fe25e28717b369b7d,BurstZK,990
54,addr_test1vzc8qmkkkjad3z55u4ztynkav6mjshvsr7ftjgc0kmkcuzq2ktkp9,b5b9b76694768dd99362ff2e48d6f42b91cd0af37a9db7fbe7907c32,Agrochain,557
55,addr_test1vr500x33tsm8k4mvectys4nyp7uen0guyljmwl0lhwze5ugx2x4sg,b2ae7d28fcc067c62342b4ea4073987c0e13159cf10e73ed762d5f69,JungleApes,905
56,addr_test1vrf9pxusf0y2fpud5xz6kxyfy4d67r0ccnwumdwn0rfmdygsrnq2y,84e2b7e0ec32f81091c30f7a38b32c595f79ba8b54f0f98e2658873e,TitanCoin,924
57,addr_test1vrmthv87ypcqnqh4wu9c4runqkwugkyy7x5u5shcywgjuecwslswj,08e81885037e4e6a7b3960b551260a4d29ed856bc10857f1bbac3a8f,SpaceCats,375
58,addr_test1vzt2rncavk97f5ys2lk6xfnc2genh4cc7nytm9d9yxa0ftql4fmfn,a0922a11cc9dde96fe7285f6856e23616e8c12da674ecda5a0b7cada,NuTron,599
59,addr_test1vpaf0jsdqgnysamea4guyc7zqsgunalmufshc4mx3nhqd2ssz8r9n,e02aa67d70e1be127a528b09e38b73882d824766df74a7dc126cece2,StellarWars,790
60,addr_test1vzcdgl4qvme05f767muurmsrn6k46aex4fphlulppx55h7stzypvh,84e2b7e0ec32f81091c30f7a38b32c595f79ba8b54f0f98e2658873e,TitanCoin,390
61,addr_test1vpllcsreufudy3fmzgnkcp0zrtmya08gz3mfrvf9cumgf0q5xmary,84e2b7e0ec32f81091c30f7a38b32c595f79ba8b54f0f98e2658873e,TitanCoin,491
62,addr_test1vrdv63rmzr6y55xu6fm9cqupj6qt2ush2r7steesr978r7szdnnm7,e02aa67d70e1be127a528b09e38b73882d824766df74a7dc126cece2,StellarWars,279
63,addr_test1vzx2hvuqknev796pl5xccjdw9yg83t478qcds36tzfjtc7gmf0q22,08e81885037e4e6a7b3960b551260a4d29ed856bc10857f1bbac3a8f,SpaceCats,356
64,addr_test1vqu2qng2vkdmdm24zy5luepnlqc2zs8pauwczghm3x2ws6qjjlwpe,e02aa67d70e1be127a528b09e38b73882d824766df74a7dc126cece2,StellarWars,826
65,addr_test1vqe0emdm6lm7r0yu4dqut2hr9crtnw3a964yx9qs3vqd4ts8sj4yk,a0922a11cc9dde96fe7285f6856e23616e8c12da674ecda5a0b7cada,NuTron,661
66,addr_test1vrresj6sny4pvhpavd046a7ge5lnn9tv9pxzs8j3p3xulagx7dm3v,a0922a11cc9dde96fe7285f6856e23616e8c12da674ecda5a0b7cada,NuTron,634
67,addr_test1vzhqaqp5gqeadrp87tz5lt9e9j900je3sxwheuv7rzz4ancu773ud,e02aa67d70e1be127a528b09e38b73882d824766df74a7dc126cece2,StellarWars,180
68,addr_test1vqxzz5ng534scvqhyq307rsr5wy3y7e8pw2q4u7x34qvvjs8glh3u,f50e49cd95d6b6d9c3f4d760321c8eced1e89f461a495be76849d789,NanoNet,775
69,addr_test1vr5s0jv59ml8vavq89lwsvcyhg02yneeeanytyj53ph29mqmy7k2l,f50e49cd95d6b6d9c3f4d760321c8eced1e89f461a495be76849d789,NanoNet,304
70,addr_test1vrvt83d8vzjgr2xqtlaj9yst78rv7ph62qdr2mz0n60ah9cr4grhw,e66b8b16476aaa28d81a56dd75151c44a3aafa0e6b7189cbd6e545d6,QuantumPulse,762
71,addr_test1vqvddnnwe7jzryas6eq8x56l9yepdrrjx26ju73helvtplsl6rcec,e02aa67d70e1be127a528b09e38b73882d824766df74a7dc126cece2,StellarWars,495
72,addr_test1vqqmu9psvf6puyjkdmqvsz86g0s93lj6engkxwhc9r5ta8s423nqv,84e2b7e0ec32f81091c30f7a38b32c595f79ba8b54f0f98e2658873e,TitanCoin,318
73,addr_test1vq9ege50s20c2s0zf0zwal5ntzhlwnfn6lk6p7tsud3lxfssswq0x,9f5b8c9fb2efa75cf3e8b0406213bcdbe27e280fe25e28717b369b7d,BurstZK,979
74,addr_test1vql8kq4z2e4vnd0z8deysu8pq2ae0cu63adhrrnknxz2wlcq59frp,e02aa67d70e1be127a528b09e38b73882d824766df74a7dc126cece2,StellarWars,486
75,addr_test1vzm5x264d5rp72rap9cv4m8tsxzg04w8rq8f08uegn3tdcs764lgs,a0922a11cc9dde96fe7285f6856e23616e8c12da674ecda5a0b7cada,NuTron,436
76,addr_test1vza4cjkp98kwnlg7h25pyyjjyvw0td38hx9nxgpg6rt6mvg8n3r36,b5b9b76694768dd99362ff2e48d6f42b91cd0af37a9db7fbe7907c32,Agrochain,605
77,addr_test1vqkf6cfs7lxdjq22f4wq8stfa3d032azqm85lu3zmw7929gkhv4y4,a0922a11cc9dde96fe7285f6856e23616e8c12da674ecda5a0b7cada,NuTron,731
78,addr_test1vzzutwhrjn3zxet9gd8lextljxmmpzvlgty8ytu2c8qgeesn4t6d7,b2ae7d28fcc067c62342b4ea4073987c0e13159cf10e73ed762d5f69,JungleApes,976
79,addr_test1vrkhz7mm555q2gx0f46x4wr2agx8hczl5jq8ucf8v0dvajskdzeje,b5b9b76694768dd99362ff2e48d6f42b91cd0af37a9db7fbe7907c32,Agrochain,701
80,addr_test1vz8cdaplmhtt3lsez0rlq7nhls2l34r7pfsm7wq84csd7xgjqttpq,e66b8b16476aaa28d81a56dd75151c44a3aafa0e6b7189cbd6e545d6,QuantumPulse,422
81,addr_test1vqtwy38m4328nmz24f5utjc5l2s45el5sdhymufew4a8hscqv4nfq,e66b8b16476aaa28d81a56dd75151c44a3aafa0e6b7189cbd6e545d6,QuantumPulse,222
82,addr_test1vpcmdra5wg0vu3gfdzezy2ft948mk4hgt0au56u8hlkgrsg2hlule,08e81885037e4e6a7b3960b551260a4d29ed856bc10857f1bbac3a8f,SpaceCats,539
83,addr_test1vqh4jvst9efy42hmdp3s726nn79626he04da6u7azgz2wwqlkwhx4,e66b8b16476aaa28d81a56dd75151c44a3aafa0e6b7189cbd6e545d6,QuantumPulse,234
84,addr_test1vzyh5hqy2pa2mm5c5cv9a0c42gl6qcu6vncdncefxusvgzqv5cz0m,e02aa67d70e1be127a528b09e38b73882d824766df74a7dc126cece2,StellarWars,688
85,addr_test1vzfrcsyv30dfkr6exax6amkx7hk56u2dnsd766ywzwsmcncerwger,e66b8b16476aaa28d81a56dd75151c44a3aafa0e6b7189cbd6e545d6,QuantumPulse,461
86,addr_test1vrzxxjhzgqac0zkfjn7t8xp9pptavk20k6vu33q4ml3g0gcjd2aj0,08e81885037e4e6a7b3960b551260a4d29ed856bc10857f1bbac3a8f,SpaceCats,176
87,addr_test1vqja7eut39hzl4mxsark8j5uwaqvghlaz73lfaehrhaxersvj8078,b2ae7d28fcc067c62342b4ea4073987c0e13159cf10e73ed762d5f69,JungleApes,527
88,addr_test1vrykjz5a2m3xuc2kz3efxvr7sscq3cppsuvjjdr35m2af3q8ap8fq,b2ae7d28fcc067c62342b4ea4073987c0e13159cf10e73ed762d5f69,JungleApes,231
89,addr_test1vzrtvvfdj69xpy4uwstyrejkl77dmmflpz06e5284jgc5pqk60m3v,f50e49cd95d6b6d9c3f4d760321c8eced1e89f461a495be76849d789,NanoNet,270
90,addr_test1vpw8ay28dgs6gd6evj2jy6ra7sy9kua0p433uhpyl87dhtgukdtch,08e81885037e4e6a7b3960b551260a4d29ed856bc10857f1bbac3a8f,SpaceCats,231
91,addr_test1vpyu4y8uanjlpzcvawq5zs3m3hlkppyd30xuaug6pqvluhc7uy7wx,e66b8b16476aaa28d81a56dd75151c44a3aafa0e6b7189cbd6e545d6,QuantumPulse,852
92,addr_test1vphxm7gmsltxuhtljhky3v8xnfrqef9kmcaywy2xfazvckce9w3hw,08e81885037e4e6a7b3960b551260a4d29ed856bc10857f1bbac3a8f,SpaceCats,407
93,addr_test1vpsy8st2qv9lajczvjrdlc7vnk59lfhgh2zrv0xt9dsgtnsnckn3d,a0922a11cc9dde96fe7285f6856e23616e8c12da674ecda5a0b7cada,NuTron,259
94,addr_test1vqkk2e2lwcyvm6y9xgqkuzpajd0msvu5ck4xwflk8lsnypq8z522c,84e2b7e0ec32f81091c30f7a38b32c595f79ba8b54f0f98e2658873e,TitanCoin,189
95,addr_test1vpuppuj0s0j5vy6ck93x9cnqurx6wh2fg6mf7xjlly0gwaq2lfren,b5b9b76694768dd99362ff2e48d6f42b91cd0af37a9db7fbe7907c32,Agrochain,919
96,addr_test1vzwdqmv8xwvhex4sctuu9ts2j5qrxq0xvdhfn5vt48p8naceh27g3,e02aa67d70e1be127a528b09e38b73882d824766df74a7dc126cece2,StellarWars,118
97,addr_test1vzwj2wm8x4wcl99jawa3kckfm3ycehdg95gtc77e2rtacxg3vghut,b5b9b76694768dd99362ff2e48d6f42b91cd0af37a9db7fbe7907c32,Agrochain,299
98,addr_test1vrelehf3tas3k08sznd343348c9x2hnlfnt97r36t8ha3rqj74hyh,08e81885037e4e6a7b3960b551260a4d29ed856bc10857f1bbac3a8f,SpaceCats,917
99,addr_test1vzwzgme9hav5yh964jsyr08nw8snkcslzhd2r4xymy3p0ec05j38r,e02aa67d70e1be127a528b09e38b73882d824766df74a7dc126cece2,StellarWars,387
100,addr_test1vqmqvttge729x9v3phgqqnq25rcl6dctvlv8nwmmkunc2nqpzneca,e02aa67d70e1be127a528b09e38b73882d824766df74a7dc126cece2,StellarWars,164
101,addr_test1vpfrek64fp76tytj85sl5z4l4zhsqdfs05euvz2wae738zgs3s2u4,e02aa67d70e1be127a528b09e38b73882d824766df74a7dc126cece2,StellarWars,814
102,addr_test1vz0pdtl7s99jg9cdfgxh98jh2y9a6jvl6uf0p8n7t0jlxec2ecre8,08e81885037e4e6a7b3960b551260a4d29ed856bc10857f1bbac3a8f,SpaceCats,504
103,addr_test1vpgp72ushaslystj2jzgw94qp7vl3qx03dqvv422j8unnpgdrnavg,84e2b7e0ec32f81091c30f7a38b32c595f79ba8b54f0f98e2658873e,TitanCoin,607
104,addr_test1vpyrnwp6vpl3ekcepp4z7sf4trr08h48vdsqf8x3p64mvggyhm567,e66b8b16476aaa28d81a56dd75151c44a3aafa0e6b7189cbd6e545d6,QuantumPulse,579
105,addr_test1vprglyurq09zhhyh0nqllnywqztew00u896ul7nqweg9zaq22w6d8,f50e49cd95d6b6d9c3f4d760321c8eced1e89f461a495be76849d789,NanoNet,274
106,addr_test1vpt2xga4ct64afhvleuwqr4l0axs6x8pyd3mnwve8jq96xqt550ua,08e81885037e4e6a7b3960b551260a4d29ed856bc10857f1bbac3a8f,SpaceCats,647
107,addr_test1vpkg48uy09qt3ry3479ayryyrtj7wzzaw25xw64m82a9jdqxpdvwg,84e2b7e0ec32f81091c30f7a38b32c595f79ba8b54f0f98e2658873e,TitanCoin,228
108,addr_test1vrdz4yzhnxxqvrd9y09l0cvr9rtpfcnp4sgzvt42le0c9rgcvxq83,f50e49cd95d6b6d9c3f4d760321c8eced1e89f461a495be76849d789,NanoNet,673
109,addr_test1vqs9sg38dcdgf6q8pwm5q5cw953rtfujknrh24uur28v59q4zhh4y,e02aa67d70e1be127a528b09e38b73882d824766df74a7dc126cece2,StellarWars,573
110,addr_test1vzq9v865xk2mrp2jxxt9wj94x8ezc86v6l9gl0gmyr8p2ecxy8ral,f50e49cd95d6b6d9c3f4d760321c8eced1e89f461a495be76849d789,NanoNet,975
111,addr_test1vzz9dgmqcc608mn8g8zca3gwxwufr5f3fnn0dl9ss529q2c3xqgm0,9f5b8c9fb2efa75cf3e8b0406213bcdbe27e280fe25e28717b369b7d,BurstZK,349
112,addr_test1vqyl3jwf8ktez42quxey3lvdzjvldqfya6hfvq3jq2n84rqp0rcr0,a0922a11cc9dde96fe7285f6856e23616e8c12da674ecda5a0b7cada,NuTron,493
113,addr_test1vrpvs47dzfkc3074wsrtjhhaql4y6fze08j4j472mezxdwqtq0gvu,84e2b7e0ec32f81091c30f7a38b32c595f79ba8b54f0f98e2658873e,TitanCoin,416
114,addr_test1vp40gqah3ng9xhmhrdety4vjv9yd2pcvj68uuje9sv6mhhcxtupll,9f5b8c9fb2efa75cf3e8b0406213bcdbe27e280fe25e28717b369b7d,BurstZK,482
115,addr_test1vqwdqju6cm643u79tq6q48afrtl4k4qju7xhqga74ykjmhqh6mfac,e66b8b16476aaa28d81a56dd75151c44a3aafa0e6b7189cbd6e545d6,QuantumPulse,898
116,addr_test1vp2hy45n836lpeqcltufdergevcywyta66fwjtcydjv2evck4tp0k,a0922a11cc9dde96fe7285f6856e23616e8c12da674ecda5a0b7cada,NuTron,579
117,addr_test1vp5wpt98r648gq8hf4y8hj8c5jqxq226hxc5w0kzq74pa7ctv6f0g,e02aa67d70e1be127a528b09e38b73882d824766df74a7dc126cece2,StellarWars,715
118,addr_test1vqmewpv499edeg6ljs0pxzfj4lq0u54tku58sjurjk0pw8ccjsxcp,a0922a11cc9dde96fe7285f6856e23616e8c12da674ecda5a0b7cada,NuTron,371
119,addr_test1vq6rdkyuxhat9pvmh5c5zh70gnmazkswsxqfcdgp9j2770q9r673u,a0922a11cc9dde96fe7285f6856e23616e8c12da674ecda5a0b7cada,NuTron,634
120,addr_test1vpyvzx26hm5uhzpcyau7utfyas8q9fr9khwqc3nrursrmxqqydh2f,f50e49cd95d6b6d9c3f4d760321c8eced1e89f461a495be76849d789,NanoNet,486
121,addr_test1vrxty42dtwwzh0jagrxtkh2r04kewh4vwtzmkf088dv4f2g38kwks,84e2b7e0ec32f81091c30f7a38b32c595f79ba8b54f0f98e2658873e,TitanCoin,856
122,addr_test1vq40yg539mzmjnmvdjan9p6mmesuj7a8qfkejvpylxpqxpqnf95l4,9f5b8c9fb2efa75cf3e8b0406213bcdbe27e280fe25e28717b369b7d,BurstZK,844
123,addr_test1vpd236ppvwg2c5c94jafmhp2jx3rv6qqsh36tg80sra9faqrsc6tz,19bb9f9b1f89d54ea8f6274af15e2bfbf2730362d711cb26c8a92eb7,tClay,407
124,addr_test1vz0t09vv22rzeql429j8z9j4yzx0szdnja09zu8m3nwhmkqjtnw55,08e81885037e4e6a7b3960b551260a4d29ed856bc10857f1bbac3a8f,SpaceCats,801
125,addr_test1vzfty24963g0d3ggpvck7fe2kf7dsp30uw498znqa27ff4qtheujg,a0922a11cc9dde96fe7285f6856e23616e8c12da674ecda5a0b7cada,NuTron,145
126,addr_test1vrtfp582puvu8c3pr4wmn88jqnagjvqwaau2aap2z67h3kq3kvqf9,a0922a11cc9dde96fe7285f6856e23616e8c12da674ecda5a0b7cada,NuTron,105
127,addr_test1vrv2sjwx3t488qr5x8u5k0lluk4wgpvrum3xtgj8xvjxtect7yrs5,a0922a11cc9dde96fe7285f6856e23616e8c12da674ecda5a0b7cada,NuTron,828
128,addr_test1vz8q4p3e3ztz4u06sexy3aprrz0ty6pucn2vtvse20chltsccsrkr,f50e49cd95d6b6d9c3f4d760321c8eced1e89f461a495be76849d789,NanoNet,449
129,addr_test1vpdf955avajlle5l5sraq08chawax04h2alk3j4ymq64d9s89n3vn,19bb9f9b1f89d54ea8f6274af15e2bfbf2730362d711cb26c8a92eb7,tClay,234
130,addr_test1vplvmthcpk9gqc6ktr7jgw8r40dpst4f8k8wxgag8dnacugakrzs7,e02aa67d70e1be127a528b09e38b73882d824766df74a7dc126cece2,StellarWars,911
131,addr_test1vrs27pp4280va9lqdf03vqpkh0n3mv4vzsysxg9ptamnu8q6y9jga,b5b9b76694768dd99362ff2e48d6f42b91cd0af37a9db7fbe7907c32,Agrochain,538
132,addr_test1vrvtjza6jn9adtcm53dzwpzv6q6dfa9yvq5rl5ker2ehp5g33eefh,9f5b8c9fb2efa75cf3e8b0406213bcdbe27e280fe25e28717b369b7d,BurstZK,736
133,addr_test1vqynwmmpvzqdms6mcsl6ueufl9yyjk2h77s4q6lawentxpqr4jvwe,b2ae7d28fcc067c62342b4ea4073987c0e13159cf10e73ed762d5f69,JungleApes,759
134,addr_test1vrusy45qxlsn6mp7rxm0sqkja5up6d48v8j2c200usxjvusrjnfv2,84e2b7e0ec32f81091c30f7a38b32c595f79ba8b54f0f98e2658873e,TitanCoin,206
135,addr_test1vq7pf082enedh2y5062wtn7w63ccftn6s3k047h2xdlecvsulzr44,08e81885037e4e6a7b3960b551260a4d29ed856bc10857f1bbac3a8f,SpaceCats,999
136,addr_test1vpk85qe60zqzsqap0a3f9n66l793ag4n4r6nkk5exn0auzceppjnp,f50e49cd95d6b6d9c3f4d760321c8eced1e89f461a495be76849d789,NanoNet,995
137,addr_test1vp2k3zw7t7n5pl2da9efwlexf7l3znfknljg29def6elj3qcrkq7x,e66b8b16476aaa28d81a56dd75151c44a3aafa0e6b7189cbd6e545d6,QuantumPulse,589
138,addr_test1vqkxm7vrf40u53fxrs0zsh3k6ku6tkczqrte5rfw9mwxazgd3ddjk,f50e49cd95d6b6d9c3f4d760321c8eced1e89f461a495be76849d789,NanoNet,861
139,addr_test1vrkne8qjgwsmup9q96rr9gklakvtatkua2srhxzhf2jahcc6063zp,08e81885037e4e6a7b3960b551260a4d29ed856bc10857f1bbac3a8f,SpaceCats,671
140,addr_test1vppykhmqzfv8adgwpk7pgsy6c8rh7x435hc30t85ujt2vfqc996hg,e02aa67d70e1be127a528b09e38b73882d824766df74a7dc126cece2,StellarWars,718
141,addr_test1vz7jj9twduh7z7s9ntjzhkpvfr9nrheku8qdmyd455qktcss3nlrk,b5b9b76694768dd99362ff2e48d6f42b91cd0af37a9db7fbe7907c32,Agrochain,404
142,addr_test1vqczjwk9jd7645jdymspcmld2jgrx3rsp8u4w79u08l0vcgvtt3zt,9f5b8c9fb2efa75cf3e8b0406213bcdbe27e280fe25e28717b369b7d,BurstZK,118
143,addr_test1vq7z23wtzq5mx92njdyv5jquay67vkhy89q7e8zs8l080ks382k4d,a0922a11cc9dde96fe7285f6856e23616e8c12da674ecda5a0b7cada,NuTron,338
144,addr_test1vrsfjpj237wv2jr2j0df77zy7kgj9975rtjwyslyztd8cwqgdtgep,e02aa67d70e1be127a528b09e38b73882d824766df74a7dc126cece2,StellarWars,959
145,addr_test1vqp3ysds6tw4ef6hamz8l9wd83w4x786d6sdh25gq4lw87qq69ruk,b2ae7d28fcc067c62342b4ea4073987c0e13159cf10e73ed762d5f69,JungleApes,376
146,addr_test1vqac2aqvtxdl7q8kxculvatyqt28p9nesemewwfpvxzwzpg9a7td9,a0922a11cc9dde96fe7285f6856e23616e8c12da674ecda5a0b7cada,NuTron,904
147,addr_test1vzeen7dp0r4m4s4jaxcn3z7wu9rtp9sum9zar78g6hphw9qtfvgc8,08e81885037e4e6a7b3960b551260a4d29ed856bc10857f1bbac3a8f,SpaceCats,463
148,addr_test1vzljvv3p4r8h5sl6hypxnrd97368xyus6983ncw0kjrz2ws0dzyyw,08e81885037e4e6a7b3960b551260a4d29ed856bc10857f1bbac3a8f,SpaceCats,659
149,addr_test1vrp99q5rul6423r3r43znr06900af7rvhzzukw82hnd6yrs39qqa6,08e81885037e4e6a7b3960b551260a4d29ed856bc10857f1bbac3a8f,SpaceCats,331
150,addr_test1vq9gxl2qh3ezw77tpfy0t7hj4xxh3khznw6kty4vqvcdxyg7f4f05,e02aa67d70e1be127a528b09e38b73882d824766df74a7dc126cece2,StellarWars,104
151,addr_test1vznyfny63h40jglypgmcyvgfzdkpwux4ra6q25hyt29hnqs5acrwh,e02aa67d70e1be127a528b09e38b73882d824766df74a7dc126cece2,StellarWars,175
152,addr_test1vq5fcl5z64t6aj7ulxslwkpzm79e4r0hqcaut8pfg0948csfh6n9v,f50e49cd95d6b6d9c3f4d760321c8eced1e89f461a495be76849d789,NanoNet,335
153,addr_test1vzykl5a08mm80y3mvehz22tuxuwmk6gda47p727mhcynqvs7tyycn,84e2b7e0ec32f81091c30f7a38b32c595f79ba8b54f0f98e2658873e,TitanCoin,654
154,addr_test1vqh7km8d38jgxwc7ym8rd0l75r25765xt6n6qvvamtsvs0sumskcu,e66b8b16476aaa28d81a56dd75151c44a3aafa0e6b7189cbd6e545d6,QuantumPulse,464
155,addr_test1vqlp23sww9nk85qmxqttf9f07nyh8qg5m9e302f82ze4zqqcgxy0k,84e2b7e0ec32f81091c30f7a38b32c595f79ba8b54f0f98e2658873e,TitanCoin,821
156,addr_test1vz3c85a4fh7yeaqgrqq9talmn2ywpv7kw3le7pq39gg9lpggggzg6,f50e49cd95d6b6d9c3f4d760321c8eced1e89f461a495be76849d789,NanoNet,225
157,addr_test1vp40qc2q9r236lmt2lqknmmd2gr0z88t649z3650npttgsqrce3qt,08e81885037e4e6a7b3960b551260a4d29ed856bc10857f1bbac3a8f,SpaceCats,741
158,addr_test1vq0pjhh8eus4vtgd9aw0h4jd4kwsujn2q8wluhgjj56jd2gqxd7dg,f50e49cd95d6b6d9c3f4d760321c8eced1e89f461a495be76849d789,NanoNet,244
159,addr_test1vzlnv7vyxcwr6g6re934tjvup9zmgg7ehjgyyfchk632dcc7hvzvp,f50e49cd95d6b6d9c3f4d760321c8eced1e89f461a495be76849d789,NanoNet,684
160,addr_test1vrtfwq2p2suw7vujhwrcktklmm99t8dyn86438sjsw60cdcucdk24,e66b8b16476aaa28d81a56dd75151c44a3aafa0e6b7189cbd6e545d6,QuantumPulse,194
161,addr_test1vqnwt58ly2umql99ywxe6javan707a2t07fuknmgw8kc9vqf4kcpx,a0922a11cc9dde96fe7285f6856e23616e8c12da674ecda5a0b7cada,NuTron,508
162,addr_test1vpgdlrf358wcr0k6934a2mn8aagsvud90dsav4qlgfae9wc3pc7v6,19bb9f9b1f89d54ea8f6274af15e2bfbf2730362d711cb26c8a92eb7,tClay,522
163,addr_test1vp5x6jmqgfefp9g99jxnl73xsvlaw8tkv5hed7jv5ayzwjse07ezj,f50e49cd95d6b6d9c3f4d760321c8eced1e89f461a495be76849d789,NanoNet,597
164,addr_test1vrx5t00jenfxdr58r44tya5hcyertcfryl53arrtm9d7xzqwaasxz,b5b9b76694768dd99362ff2e48d6f42b91cd0af37a9db7fbe7907c32,Agrochain,592
165,addr_test1vzapfyyc7wm6u5p4guc6r4ndnv06t5lm5ajn8kl8spgsuscllpezu,e02aa67d70e1be127a528b09e38b73882d824766df74a7dc126cece2,StellarWars,928
166,addr_test1vrymzz8rfnfqqyr7wamc74wrvxr8q3cxz0jl43mte82235g3hw6pp,19bb9f9b1f89d54ea8f6274af15e2bfbf2730362d711cb26c8a92eb7,tClay,719
167,addr_test1vqgwr5kga04hmfgf57rx02yuk7k8jrfzecd89njzxez2hssqcjfcd,19bb9f9b1f89d54ea8f6274af15e2bfbf2730362d711cb26c8a92eb7,tClay,415
168,addr_test1vr9w6mdhp5jt5m60xav3swzgje93sqmhrjwww7metsa79ygsc26vp,b2ae7d28fcc067c62342b4ea4073987c0e13159cf10e73ed762d5f69,JungleApes,250
169,addr_test1vzz8t3al9zypdxq9udv7e630yznv6920x0elarqemmfupqcguqruj,19bb9f9b1f89d54ea8f6274af15e2bfbf2730362d711cb26c8a92eb7,tClay,136
170,addr_test1vzatwgcs8lcg7ukzx883m5x889zd3vvy5q7adu74qwy5vegsu5ry6,e66b8b16476aaa28d81a56dd75151c44a3aafa0e6b7189cbd6e545d6,QuantumPulse,135
171,addr_test1vqa0u8zn6k7u2xrf6jgy39vygx6c58gfqyxg4e0lruuvsyg2z36uz,b2ae7d28fcc067c62342b4ea4073987c0e13159cf10e73ed762d5f69,JungleApes,995
172,addr_test1vqgjfgdv5w4zk5rascnt0nneuzd6xja5hycj63q3j2qu25s8jrt9y,b5b9b76694768dd99362ff2e48d6f42b91cd0af37a9db7fbe7907c32,Agrochain,908
173,addr_test1vr3fuvu00yk6sr6g4uwtqecaewtfxugpv5cd8sql3sxuxaqmx4k7x,84e2b7e0ec32f81091c30f7a38b32c595f79ba8b54f0f98e2658873e,TitanCoin,175
174,addr_test1vp6de3u9p5hraqcskeyr4nlgtyy6dd8zckmchq7zqgqvmasy2cpa7,08e81885037e4e6a7b3960b551260a4d29ed856bc10857f1bbac3a8f,SpaceCats,489
175,addr_test1vrq9589qdf40yxpr7unxqjka353acae9ty8z5smgtpkmjrg66pfzw,08e81885037e4e6a7b3960b551260a4d29ed856bc10857f1bbac3a8f,SpaceCats,524
176,addr_test1vqfw8h6gym4xflh2u9sa46ekl4e9e7mxa8umqyhyf8sfjcgtg669k,a0922a11cc9dde96fe7285f6856e23616e8c12da674ecda5a0b7cada,NuTron,292
177,addr_test1vq0sxqwsfyqtgaynh9cwcfuwemxhy2hcqf2kcuu63m6wmucaexy8f,b5b9b76694768dd99362ff2e48d6f42b91cd0af37a9db7fbe7907c32,Agrochain,201
178,addr_test1vr6x0r36spvrxnlag4kyepzpgw2t00t74emhllqyqqxhsdg7l8tqq,08e81885037e4e6a7b3960b551260a4d29ed856bc10857f1bbac3a8f,SpaceCats,106
179,addr_test1vqjur5rsttemteapm6ag08nq22nazyq3cpgc05cq4cqn6zscgucy0,b5b9b76694768dd99362ff2e48d6f42b91cd0af37a9db7fbe7907c32,Agrochain,899
180,addr_test1vqks3f6k9fewgz6qe7qv6qhelt0apelmlrstrm84h7nwmxqa3nats,a0922a11cc9dde96fe7285f6856e23616e8c12da674ecda5a0b7cada,NuTron,395
181,addr_test1vrg3f4l929wu7gcmend2ps6fvw947j9p9ngyz6ygnre3x5g5ex3h8,e02aa67d70e1be127a528b09e38b73882d824766df74a7dc126cece2,StellarWars,121
182,addr_test1vrqklxs5g69k77ulufmz9hnenra0nvtlgyu87nwqtc9sj7sdxlj4x,84e2b7e0ec32f81091c30f7a38b32c595f79ba8b54f0f98e2658873e,TitanCoin,499
183,addr_test1vz2qsgd6xzrsa05kcy0ha8p4exd485s38thg7wwxfqwy39qugq2s0,08e81885037e4e6a7b3960b551260a4d29ed856bc10857f1bbac3a8f,SpaceCats,521
184,addr_test1vrl6uyk6f2378ln36qgtfhyxvmvtrjwgr8plpj09yecaxpghmurs6,b5b9b76694768dd99362ff2e48d6f42b91cd0af37a9db7fbe7907c32,Agrochain,967
185,addr_test1vzqepsunjy5q39y9f3dgss063alrhv5epvhfjr0j0f8qx4ce649eq,a0922a11cc9dde96fe7285f6856e23616e8c12da674ecda5a0b7cada,NuTron,894
186,addr_test1vzly7upq9zw25ztr5xsd9jxnz7vgseylf2vurzh68ddxpwc3fhhcr,f50e49cd95d6b6d9c3f4d760321c8eced1e89f461a495be76849d789,NanoNet,710
187,addr_test1vp7nvf45ns2l0msvrnpfr6mh0jw78msahr0lzufydztcw9qkymgkv,19bb9f9b1f89d54ea8f6274af15e2bfbf2730362d711cb26c8a92eb7,tClay,456
188,addr_test1vpz3kgr95pkuch203gfm7j30jtskgqw27gvcvpsehlhv4wc0uqrg4,a0922a11cc9dde96fe7285f6856e23616e8c12da674ecda5a0b7cada,NuTron,488
189,addr_test1vqk6flhhtupg0apap8w6nsysvwrw7fa04g0d732rjdg0q3gsn3zlq,9f5b8c9fb2efa75cf3e8b0406213bcdbe27e280fe25e28717b369b7d,BurstZK,661
190,addr_test1vzk374j4ztz8azquxcfylkt85m280sc7dfkz0cg77ayskksm90c6j,b5b9b76694768dd99362ff2e48d6f42b91cd0af37a9db7fbe7907c32,Agrochain,101
191,addr_test1vrqz48mzm00netkxaurna0kay2wx6ytxf93e686g0fcwj4gnqek0c,f50e49cd95d6b6d9c3f4d760321c8eced1e89f461a495be76849d789,NanoNet,718
192,addr_test1vrux4eu2m855ap4p7phczueslstwqa0zrcxww2t8l8lm7rq9azp0t,f50e49cd95d6b6d9c3f4d760321c8eced1e89f461a495be76849d789,NanoNet,627
193,addr_test1vzsjl7lqaxrhz6dz8a3qtr7uplc3s9854q88j2ht3xnyx9cdw39hs,b5b9b76694768dd99362ff2e48d6f42b91cd0af37a9db7fbe7907c32,Agrochain,720
194,addr_test1vqvjtvu09xudyr2pt7c94p0282vpezmseegjwge56adfxms7svnn7,b5b9b76694768dd99362ff2e48d6f42b91cd0af37a9db7fbe7907c32,Agrochain,262
195,addr_test1vr2vvyg8nakq8p8m23gghpfku72a23uq7lktjpkfwddclvg6va2e4,f50e49cd95d6b6d9c3f4d760321c8eced1e89f461a495be76849d789,NanoNet,777
196,addr_test1vr2h0eqcfg7h35syqe5fs96hlx88hu8jv492gugq4wjc6sgjkrprf,84e2b7e0ec32f81091c30f7a38b32c595f79ba8b54f0f98e2658873e,TitanCoin,451
197,addr_test1vpsepsm2u6z00v5l482djr4st26z67sd3gz3qtyjs30av4stz9tk9,b5b9b76694768dd99362ff2e48d6f42b91cd0af37a9db7fbe7907c32,Agrochain,107
198,addr_test1vrvl29rrjzxvwa4upnpnzduwl3t6ktxhfl87qf4jpasfgkqd8mwv7,b5b9b76694768dd99362ff2e48d6f42b91cd0af37a9db7fbe7907c32,Agrochain,934
199,addr_test1vrm4hy0uscctdz4qs0w6fc9lrr72dt6af0n2lncts3x7wscscws7k,f50e49cd95d6b6d9c3f4d760321c8eced1e89f461a495be76849d789,NanoNet,181
200,addr_test1vpk5wf4crnujvlh5f0y0cx60sc500rhnffphw3gancrx0ksew3ghc,9f5b8c9fb2efa75cf3e8b0406213bcdbe27e280fe25e28717b369b7d,BurstZK,797
201,addr_test1vrtv3rned7t6fhn27ync2fz6745dk656cwgqnzgyecwsadgmwr8p2,9f5b8c9fb2efa75cf3e8b0406213bcdbe27e280fe25e28717b369b7d,BurstZK,854
202,addr_test1vpcspnwmt5tkd25vkf4xhyc8t0tyuuvvml7nur3zhevkxyq0rk422,19bb9f9b1f89d54ea8f6274af15e2bfbf2730362d711cb26c8a92eb7,tClay,556
203,addr_test1vzjy6jlmxmk45txajdwl4cxs3cqd7qufxvxqxa6ge65lpjgsnje5s,19bb9f9b1f89d54ea8f6274af15e2bfbf2730362d711cb26c8a92eb7,tClay,123
204,addr_test1vpnu5alqkr00p3dtn6rl9dgdm6pjat798jhud5kv888nc0sw3dvme,f50e49cd95d6b6d9c3f4d760321c8eced1e89f461a495be76849d789,NanoNet,713
205,addr_test1vzzta0e9ryyl20mnymn8uvewmt6s5ehylpfnw37zwh9qc3qzrwu6w,a0922a11cc9dde96fe7285f6856e23616e8c12da674ecda5a0b7cada,NuTron,938
206,addr_test1vr34kaxww06k2xppn0suwgfl73am0qc82tgj2awdy9d2ehg3pr0tq,a0922a11cc9dde96fe7285f6856e23616e8c12da674ecda5a0b7cada,NuTron,710
207,addr_test1vq3ua7f57me2wceer2lv4x9mr4f2lgs40d2cr3mlfsasakq8tpkr5,b2ae7d28fcc067c62342b4ea4073987c0e13159cf10e73ed762d5f69,JungleApes,294
208,addr_test1vp6a0pf9uczt2j20l9wss2wkeys5j6c55tl2c68nefk8r4cv566rz,a0922a11cc9dde96fe7285f6856e23616e8c12da674ecda5a0b7cada,NuTron,685
209,addr_test1vp3cqmd5d26rm9c702c6vwhr0mfuahasym6curv5kqpl92qjppx8t,a0922a11cc9dde96fe7285f6856e23616e8c12da674ecda5a0b7cada,NuTron,847
210,addr_test1vrtaq2munndy2q3zan6f222x9t7jkp7t3zavs077zc6ywdqgy98gu,e66b8b16476aaa28d81a56dd75151c44a3aafa0e6b7189cbd6e545d6,QuantumPulse,396
211,addr_test1vqm9z2yq6z86aj7a0w7tfhwv6rl3342t2ts8c7upd7fy5rc3rqmey,9f5b8c9fb2efa75cf3e8b0406213bcdbe27e280fe25e28717b369b7d,BurstZK,443
212,addr_test1vqj2xgexf6ulq0r0670jpssv99k04sn329pt0t83tzh92cq6yyhlg,a0922a11cc9dde96fe7285f6856e23616e8c12da674ecda5a0b7cada,NuTron,624
213,addr_test1vqqxym7rt0smfpynh3quns3mv2dnr7squawtr9w70fal24q2p05et,9f5b8c9fb2efa75cf3e8b0406213bcdbe27e280fe25e28717b369b7d,BurstZK,499
214,addr_test1vrxl79628pxgr8n028cpqtguqyjetdzce3aegt3yl5h2smqhckvcl,19bb9f9b1f89d54ea8f6274af15e2bfbf2730362d711cb26c8a92eb7,tClay,579
215,addr_test1vzt3c3ww85asnuv3m2vxuga0dq6wyazjmscv8mpkymg74ach880h3,b2ae7d28fcc067c62342b4ea4073987c0e13159cf10e73ed762d5f69,JungleApes,228
216,addr_test1vr3n40esgjzja7awy5n6evt4zf8asgge7c6d84aj86gtuqqxghyxn,e66b8b16476aaa28d81a56dd75151c44a3aafa0e6b7189cbd6e545d6,QuantumPulse,834
217,addr_test1vrmqyen6jrjtn6z7u838ylm207426c9gtx58dqng3sde4csv77vr3,b2ae7d28fcc067c62342b4ea4073987c0e13159cf10e73ed762d5f69,JungleApes,989
218,addr_test1vqdmgt2h2usexagqjs990zrffrfdeyr9f4whsn7hl3sl7hq4acc3f,e66b8b16476aaa28d81a56dd75151c44a3aafa0e6b7189cbd6e545d6,QuantumPulse,320
219,addr_test1vqfdkvt5st0qgf8423pvp3e03p6zrmaf7rq4qxjp977wk2slm4q38,f50e49cd95d6b6d9c3f4d760321c8eced1e89f461a495be76849d789,NanoNet,617
220,addr_test1vr6jd943ydecz4yx5axmx296uevjc24p3ausu9gvf8l855qh5du44,b5b9b76694768dd99362ff2e48d6f42b91cd0af37a9db7fbe7907c32,Agrochain,522
221,addr_test1vr79ftvch32089xt3tswd6t70yp5ztm079gvthqxkaews3q5kuaaj,f50e49cd95d6b6d9c3f4d760321c8eced1e89f461a495be76849d789,NanoNet,395
222,addr_test1vq6nkcayu05usluekf352cgtdlu6fp4cjp69dcuwzvdygugtsul43,08e81885037e4e6a7b3960b551260a4d29ed856bc10857f1bbac3a8f,SpaceCats,117
223,addr_test1vzqu7aqkhv9gfzwqc4w97pcd2lqhrv4lsc5x5v4s6v5xz5qssja2z,b5b9b76694768dd99362ff2e48d6f42b91cd0af37a9db7fbe7907c32,Agrochain,513
224,addr_test1vqtq7xw7he20wkkjq44npzt6p5ur58eswga8y3nzxme02lqcurn6t,e02aa67d70e1be127a528b09e38b73882d824766df74a7dc126cece2,StellarWars,725
225,addr_test1vq689pmttq3g8wc4y4lmpt2k5zleq6ssfc2cum6ys3j9q5selz4xh,84e2b7e0ec32f81091c30f7a38b32c595f79ba8b54f0f98e2658873e,TitanCoin,657
226,addr_test1vpwsufxmrwe7m7wdaplf0dy3vzv0fvqjwe9x2pzlavvutsg8fu67j,e02aa67d70e1be127a528b09e38b73882d824766df74a7dc126cece2,StellarWars,780
227,addr_test1vrwg0tkzmeqgnhu806wmz4d7dvcuxxam55swrcjka2n3uugak7s0w,e02aa67d70e1be127a528b09e38b73882d824766df74a7dc126cece2,StellarWars,344
228,addr_test1vqawsga9a9u2svyhly53s4lfrlczrwgtg595r33tn9kmnpqcs6kk0,b5b9b76694768dd99362ff2e48d6f42b91cd0af37a9db7fbe7907c32,Agrochain,316
229,addr_test1vrf4qc57e378zenkdf0ht25f7plvxf44qcal956az6unv8gt3zryj,a0922a11cc9dde96fe7285f6856e23616e8c12da674ecda5a0b7cada,NuTron,484
230,addr_test1vp8zjtjw7ve50slrs7q0rmp4j43qls8fz5v3meyxfd93hycsas0up,08e81885037e4e6a7b3960b551260a4d29ed856bc10857f1bbac3a8f,SpaceCats,959
231,addr_test1vrj9vzpy9fn2mlphl986nw3nncllpyx8ejjrazcyynvpl0scl09cp,e02aa67d70e1be127a528b09e38b73882d824766df74a7dc126cece2,StellarWars,444
232,addr_test1vzkh4rwl407q59ygl9ge8wp9swgd6wdzpm3m8apvnqflzyswmumyl,08e81885037e4e6a7b3960b551260a4d29ed856bc10857f1bbac3a8f,SpaceCats,673
233,addr_test1vq29gr56zvzhcmap4tk9mks9yufnk8gl8jk6yvaup355vdc0skgyr,9f5b8c9fb2efa75cf3e8b0406213bcdbe27e280fe25e28717b369b7d,BurstZK,149
234,addr_test1vzw8x0yenkj45h2tkexcpd6mexh3duw5jgaz30x77yv3zksze7259,84e2b7e0ec32f81091c30f7a38b32c595f79ba8b54f0f98e2658873e,TitanCoin,624
235,addr_test1vq6yfhsejjf7jkw39eretzww54pk4c4zgjdqts8yzfc7peqm3cusx,08e81885037e4e6a7b3960b551260a4d29ed856bc10857f1bbac3a8f,SpaceCats,284
236,addr_test1vpwugzvhenz54guawqqrvj8szrp33qacp0v47awlp3ad5fc36v5fx,b2ae7d28fcc067c62342b4ea4073987c0e13159cf10e73ed762d5f69,JungleApes,315
237,addr_test1vrtwuf8q2u8uhd80uj42rjacltw82hrmgfqe5rq5fju6qusnkg7xp,f50e49cd95d6b6d9c3f4d760321c8eced1e89f461a495be76849d789,NanoNet,885
238,addr_test1vzqf50hnn7r4nfp74w5xgwl6ddup5n4svl8j8qazw7vtzus8y8k5m,08e81885037e4e6a7b3960b551260a4d29ed856bc10857f1bbac3a8f,SpaceCats,828
239,addr_test1vqdc9fv37lgnf059z94cy3f4w6q7sjzq75nfvdx45dyfzzc30r5t2,84e2b7e0ec32f81091c30f7a38b32c595f79ba8b54f0f98e2658873e,TitanCoin,845
240,addr_test1vrmpexf3qrt73aj8ad8q2j9zmyrpuc2thu473fev5n5vs7c7a8ff3,a0922a11cc9dde96fe7285f6856e23616e8c12da674ecda5a0b7cada,NuTron,559
241,addr_test1vr92x6eep236l7udaqwus9h37053mutdq4xdj7ehlxht4zgapp7r4,e02aa67d70e1be127a528b09e38b73882d824766df74a7dc126cece2,StellarWars,898
242,addr_test1vptj40t6ygtund5c7y9zxasd4e8fhcv7tzgkcrlgppg5e8c528huh,84e2b7e0ec32f81091c30f7a38b32c595f79ba8b54f0f98e2658873e,TitanCoin,197
243,addr_test1vq5kptupaja537clq9p3ftglzg2ehuxw5mxwn3jzsj8rf5qmfxxrh,a0922a11cc9dde96fe7285f6856e23616e8c12da674ecda5a0b7cada,NuTron,923
244,addr_test1vq5gu5qq46s0chsv7suqkrrtflt3rnta274uwpvkuwzdjqgs0s593,e66b8b16476aaa28d81a56dd75151c44a3aafa0e6b7189cbd6e545d6,QuantumPulse,231
245,addr_test1vz9557pttkhg2tcjhxajqrtxyj7md3lqv342kehgs548jcg3msf8j,b5b9b76694768dd99362ff2e48d6f42b91cd0af37a9db7fbe7907c32,Agrochain,105
246,addr_test1vpp0l0w9an7ez9dv5q930xewcjmzy0e0an7c57u5aahzxvs73056f,84e2b7e0ec32f81091c30f7a38b32c595f79ba8b54f0f98e2658873e,TitanCoin,211
247,addr_test1vqduegfqzrqg0kxsllpnk46xml00fe049utx80k0qfmmk3sec85h9,9f5b8c9fb2efa75cf3e8b0406213bcdbe27e280fe25e28717b369b7d,BurstZK,496
248,addr_test1vzgayp6xrfr9qfk4cdt4qpkwl7qskzjmgsvu0tfdvwyxz0spp4vzl,b2ae7d28fcc067c62342b4ea4073987c0e13159cf10e73ed762d5f69,JungleApes,763
249,addr_test1vrcm4dvwkr4gv5zmluly26zgmrfv88aqh2zz30a0ht76peq06398e,e66b8b16476aaa28d81a56dd75151c44a3aafa0e6b7189cbd6e545d6,QuantumPulse,662
250,addr_test1vpkf2ddnduypnsr9dgh625f5z7fxug2s3ks0j4xvl9pml3g324ksw,9f5b8c9fb2efa75cf3e8b0406213bcdbe27e280fe25e28717b369b7d,BurstZK,305
251,addr_test1vr7e7tguajg3a7w6f8wg03mu8rnj7fj24sgjujm0l8qxaqgtjn3m4,84e2b7e0ec32f81091c30f7a38b32c595f79ba8b54f0f98e2658873e,TitanCoin,299
252,addr_test1vqe0ypx6769c7xgd43jeayllclvpx859gjgp5m0uz4u6ldqf50wuy,e66b8b16476aaa28d81a56dd75151c44a3aafa0e6b7189cbd6e545d6,QuantumPulse,245
253,addr_test1vq8sct68n7u9rcdxwxfklcvrmnmcy9422unm3w0576ce42qcf5jxr,b2ae7d28fcc067c62342b4ea4073987c0e13159cf10e73ed762d5f69,JungleApes,350
254,addr_test1vrpylpxef55qamu2j662fkhn27ymqwkser36xnaxetv6ghcv3rvh2,e02aa67d70e1be127a528b09e38b73882d824766df74a7dc126cece2,StellarWars,517
255,addr_test1vru0shxktnqht8wpuw8nm5qk43saw46t66a59vf2w42ul2sq7z0qc,b5b9b76694768dd99362ff2e48d6f42b91cd0af37a9db7fbe7907c32,Agrochain,781
256,addr_test1vztasfdpuhd5nzdhhg26eanys3mhnke03gh42sfc7ffnj2gkmyy68,19bb9f9b1f89d54ea8f6274af15e2bfbf2730362d711cb26c8a92eb7,tClay,916
257,addr_test1vpsakuz7p2yfr2a57409mp5paqhqhavaehqg7q32ycrgcrc8d3jht,b2ae7d28fcc067c62342b4ea4073987c0e13159cf10e73ed762d5f69,JungleApes,513
258,addr_test1vqy48fcw4gxgtxvxw29eem8tmmszufnq6ffc7wutyqsk58gywjv2c,e02aa67d70e1be127a528b09e38b73882d824766df74a7dc126cece2,StellarWars,624
259,addr_test1vre7lwukgm35mc7egkul8ttvvxy38sd7f0630mppgh0zv2c9739sk,9f5b8c9fb2efa75cf3e8b0406213bcdbe27e280fe25e28717b369b7d,BurstZK,999
260,addr_test1vrdrqprk0yqxtvrpgdpahfmcj4hlwr89rvqrqcngam9xpscmkhkrk,e02aa67d70e1be127a528b09e38b73882d824766df74a7dc126cece2,StellarWars,925
261,addr_test1vpmvv0ttqslpqe00ve0l7282x52dn3jxtuyct2rez7px3ugv9svge,b2ae7d28fcc067c62342b4ea4073987c0e13159cf10e73ed762d5f69,JungleApes,652
262,addr_test1vzcccg09qwxfygx5cyhq5h4hxvarneeya3qjvdcwuqflels54cpnd,b5b9b76694768dd99362ff2e48d6f42b91cd0af37a9db7fbe7907c32,Agrochain,661
263,addr_test1vr4rqhj44xfgau0nj5u6m8et5en78xh0ypy7dyj2v9lyqpsae79de,e02aa67d70e1be127a528b09e38b73882d824766df74a7dc126cece2,StellarWars,623
264,addr_test1vpdlagg8cttkam38828veaklmma9wmkx5c7nrsggjdjs6zq0dd9sh,f50e49cd95d6b6d9c3f4d760321c8eced1e89f461a495be76849d789,NanoNet,194
265,addr_test1vpc28d9hq0kdee4n05pncgc5g3js00w9pwfc5xke3ujj7uqgzndqd,f50e49cd95d6b6d9c3f4d760321c8eced1e89f461a495be76849d789,NanoNet,334
266,addr_test1vr8mc2q8w5tr0kje8tj9w3u9ts9ps9le3z9k22wmend0mqq7mjhry,84e2b7e0ec32f81091c30f7a38b32c595f79ba8b54f0f98e2658873e,TitanCoin,128
267,addr_test1vp28sep4yqvfvhpzjt06kyqvyf8z6mfx0lecpq5lgktqqgq5vka6h,a0922a11cc9dde96fe7285f6856e23616e8c12da674ecda5a0b7cada,NuTron,845
268,addr_test1vrv8q3s5rq3ntc392l3lme47d04xm992qlhm02mjnwc0ezq3su3es,a0922a11cc9dde96fe7285f6856e23616e8c12da674ecda5a0b7cada,NuTron,490
269,addr_test1vr6rfmdum8a9v2mu35rnszxlyg9d0j8y5pffvd0l35l23jct9wgla,e02aa67d70e1be127a528b09e38b73882d824766df74a7dc126cece2,StellarWars,658
270,addr_test1vrelsnqgh7clgcqanan0ljmtexauyvm2phfrc32rty63m6q57qev9,a0922a11cc9dde96fe7285f6856e23616e8c12da674ecda5a0b7cada,NuTron,543
271,addr_test1vq29uy929uphul5348lh2qlw5hpk6arz4f5w0q763dhe95c9c3mle,84e2b7e0ec32f81091c30f7a38b32c595f79ba8b54f0f98e2658873e,TitanCoin,435
272,addr_test1vz6d8trcex6saftwuxuu83xqruru3spfn6vdtj0atphj24qmqqnpc,84e2b7e0ec32f81091c30f7a38b32c595f79ba8b54f0f98e2658873e,TitanCoin,338
273,addr_test1vpnw4tchn96fp0444yeg7gcx22axdu3ce6gfhpgjp566c4q46fkhv,b2ae7d28fcc067c62342b4ea4073987c0e13159cf10e73ed762d5f69,JungleApes,360
274,addr_test1vrapp73c7kk393yp3lu86qn2agy6ns4z2hz256rtanjf5dsrcnuuf,a0922a11cc9dde96fe7285f6856e23616e8c12da674ecda5a0b7cada,NuTron,611
275,addr_test1vzunxycqzku37hnawy8s63ntmrdza78yx77z68wywhjf82ssek6c5,e02aa67d70e1be127a528b09e38b73882d824766df74a7dc126cece2,StellarWars,179
276,addr_test1vrw5nyzpnvu9rafezxcavvx9p3ptaywf55jk0kedtjuer0qfrceq7,84e2b7e0ec32f81091c30f7a38b32c595f79ba8b54f0f98e2658873e,TitanCoin,958
277,addr_test1vqe7kf2zwkmnn2l0ujgwtk03pteguf0efze676hgv7jxqtc0drdhj,b2ae7d28fcc067c62342b4ea4073987c0e13159cf10e73ed762d5f69,JungleApes,638
278,addr_test1vr49tdefr8cm59938ukh2vdh2japq64qlfwgmuzc9c6vjpq0fh3sj,e02aa67d70e1be127a528b09e38b73882d824766df74a7dc126cece2,StellarWars,210
279,addr_test1vzxnq4de6ugzc4v34l9e0373tq7ftr6z385duhuv0qcug6sfeqmx0,a0922a11cc9dde96fe7285f6856e23616e8c12da674ecda5a0b7cada,NuTron,401
280,addr_test1vqvwashv88hqt4x6mfc2utx9shszm7uzqkknls5pxrfvwkgc7tthh,e66b8b16476aaa28d81a56dd75151c44a3aafa0e6b7189cbd6e545d6,QuantumPulse,999
281,addr_test1vpplk90mq0qlwqhzh2km2e9kh2dhhs80n5wxw4hu023675q3xvcsv,84e2b7e0ec32f81091c30f7a38b32c595f79ba8b54f0f98e2658873e,TitanCoin,601
282,addr_test1vr940srcmhmv3stjym3ycml4nv3h8uymu3f0h7ks9aeutksder0yt,e66b8b16476aaa28d81a56dd75151c44a3aafa0e6b7189cbd6e545d6,QuantumPulse,885
283,addr_test1vp543qz5qs8yxv254p6ekcazftxcd02nejt36vdmnrhfrpsxxnx4k,e66b8b16476aaa28d81a56dd75151c44a3aafa0e6b7189cbd6e545d6,QuantumPulse,351
284,addr_test1vqpf48aawcacz52qrlj5k4fd34tr3mjaf6awdnkynfcc95skupw35,9f5b8c9fb2efa75cf3e8b0406213bcdbe27e280fe25e28717b369b7d,BurstZK,302
285,addr_test1vz4ssq6pavx9e4ja9svmh3aellyxe8hk3dc2xpjg6puyefslfwc72,f50e49cd95d6b6d9c3f4d760321c8eced1e89f461a495be76849d789,NanoNet,676
286,addr_test1vqrxl4qr5rvdq7w5fqz0j9w4ue8rpvshh8fh33u3kc5gj0qekkzul,19bb9f9b1f89d54ea8f6274af15e2bfbf2730362d711cb26c8a92eb7,tClay,706
287,addr_test1vpcg5uex6k9wp7m8hk4m82aapjvsgjmvyguylzrf2z8mj0ce9kn53,b5b9b76694768dd99362ff2e48d6f42b91cd0af37a9db7fbe7907c32,Agrochain,574
288,addr_test1vqywunj649j3lmn94hf9v9kh43kvgjvl6rhxklqj98h2fugvu2z6k,a0922a11cc9dde96fe7285f6856e23616e8c12da674ecda5a0b7cada,NuTron,335
289,addr_test1vq0falfpdcdd5qc34u893gf222hja3mmcsz6ulaewaz75esr6uyra,19bb9f9b1f89d54ea8f6274af15e2bfbf2730362d711cb26c8a92eb7,tClay,287
290,addr_test1vpghs906wl2qja4syym24gex2g4ed7pmrmvtce3fy46q63qt3ruxk,19bb9f9b1f89d54ea8f6274af15e2bfbf2730362d711cb26c8a92eb7,tClay,744
291,addr_test1vqa8une8clpk7ppdz268mzjz3fjdungtsmaj60l8a04849skqlauw,b5b9b76694768dd99362ff2e48d6f42b91cd0af37a9db7fbe7907c32,Agrochain,926
292,addr_test1vp4c8azapfty28cfecdsjwqyjvqu8032slnxyyf9tf427zcppm7c7,b5b9b76694768dd99362ff2e48d6f42b91cd0af37a9db7fbe7907c32,Agrochain,656
293,addr_test1vqcsjtryqgj62nlmqzzccys2ck7gpn9vyq0pdus6d2gr8xqga5ly5,19bb9f9b1f89d54ea8f6274af15e2bfbf2730362d711cb26c8a92eb7,tClay,257
294,addr_test1vps3km7ya9s5nz0xtzax9z062fv79z2r2dzuucl33096jfg925s34,08e81885037e4e6a7b3960b551260a4d29ed856bc10857f1bbac3a8f,SpaceCats,334
295,addr_test1vrkmkc9fvxw5el7pkey0p8umsrsvhpngmanq2lwzzlwz8qgkatumx,e66b8b16476aaa28d81a56dd75151c44a3aafa0e6b7189cbd6e545d6,QuantumPulse,121
296,addr_test1vp3e6c24p2xr7wtrs4u2x9nx0ee46hn20rs035hpscdq62g5uujlg,f50e49cd95d6b6d9c3f4d760321c8eced1e89f461a495be76849d789,NanoNet,515
297,addr_test1vrsyh0w2qqm9elywrdymutx4dmw8n8rnxx02lwq62jdsk6gla767x,a0922a11cc9dde96fe7285f6856e23616e8c12da674ecda5a0b7cada,NuTron,802
298,addr_test1vp8c9qwtwkkwr2yqmc7r0pzn6y7leud38mw5g8snlpwsh5cd22nsa,9f5b8c9fb2efa75cf3e8b0406213bcdbe27e280fe25e28717b369b7d,BurstZK,419
299,addr_test1vqx06xgryyvffwzd3u5dg7dkpnaa9qkaqtjrzqsurj3kxrsc3veev,19bb9f9b1f89d54ea8f6274af15e2bfbf2730362d711cb26c8a92eb7,tClay,344
300,addr_test1vzz6j7d6nx3j98q96d0s6rn5uf0jjew0xs4qz9znt472e5guva8tz,e02aa67d70e1be127a528b09e38b73882d824766df74a7dc126cece2,StellarWars,845
301,addr_test1vqldvsuz8dcy4hq5tx6v3kll8y8u5gvyyl5c203vjvzdnlq0f3vrs,b5b9b76694768dd99362ff2e48d6f42b91cd0af37a9db7fbe7907c32,Agrochain,616
302,addr_test1vrmuvvlpj2tv8zvk0qte40k5uqzfe50567dr0tvtjqfqzastcuzpz,e02aa67d70e1be127a528b09e38b73882d824766df74a7dc126cece2,StellarWars,592
303,addr_test1vp4mh2xuf9wuhmse4y7c0km754l36d6e57cpuz6yhdt20fcxvkzxz,84e2b7e0ec32f81091c30f7a38b32c595f79ba8b54f0f98e2658873e,TitanCoin,323
304,addr_test1vzn6spgrg46ymamaqu6trgavyjtx9aqsrnne09t7qx26j7sx38654,9f5b8c9fb2efa75cf3e8b0406213bcdbe27e280fe25e28717b369b7d,BurstZK,668
305,addr_test1vqyaq86k9d5asz5ms76pcaw4f485pyfk6sq86r92h5ktvac7lruxq,19bb9f9b1f89d54ea8f6274af15e2bfbf2730362d711cb26c8a92eb7,tClay,939
306,addr_test1vqqucmc5d6jhhpvjuf9mseu5eypwyz22jcufqn687hlfk5qu8kxa7,b5b9b76694768dd99362ff2e48d6f42b91cd0af37a9db7fbe7907c32,Agrochain,598
307,addr_test1vqc8sy2x3kwxcrxqstsetznyd8qp4paqt2vhfuaf8hehg7c699829,f50e49cd95d6b6d9c3f4d760321c8eced1e89f461a495be76849d789,NanoNet,754
308,addr_test1vqr4e27zmtr538x9xufpw6zgw5kr8hvj2m5tsxsewqyswcqqal34y,e66b8b16476aaa28d81a56dd75151c44a3aafa0e6b7189cbd6e545d6,QuantumPulse,108
309,addr_test1vz7sne763m2af44y9z4n6pcz7z4g9e5s75e6avm8nuduwjqgg692j,e66b8b16476aaa28d81a56dd75151c44a3aafa0e6b7189cbd6e545d6,QuantumPulse,169
310,addr_test1vrmmk20kfrp0cxxfzv0f5g2dpt3hf4pchddj4z8s4uagp7gqkherc,b5b9b76694768dd99362ff2e48d6f42b91cd0af37a9db7fbe7907c32,Agrochain,549
311,addr_test1vr7zp3wtee3ky6d0ftsqn4s46xk5ch96umsww7xc57xszus5vl9pg,e02aa67d70e1be127a528b09e38b73882d824766df74a7dc126cece2,StellarWars,401
312,addr_test1vpvegk9wy5nt4cu4y823y6axtjvhzp7u9lzyz6sz6f825yca5t22z,9f5b8c9fb2efa75cf3e8b0406213bcdbe27e280fe25e28717b369b7d,BurstZK,326
313,addr_test1vzfhutmzfgesad82vjpvcaqcnxgy2s9fgkvhzxv343vv05qhpzpml,f50e49cd95d6b6d9c3f4d760321c8eced1e89f461a495be76849d789,NanoNet,987
314,addr_test1vzveejkacaln3j5z8md5ejtmfd64jvvpjhxkk0h9yrnu9hs594zt4,9f5b8c9fb2efa75cf3e8b0406213bcdbe27e280fe25e28717b369b7d,BurstZK,991
315,addr_test1vrz09p5j6jg44pvlf98ht6u59y5cxgszvma2mxne2sy78xcwqmnce,b5b9b76694768dd99362ff2e48d6f42b91cd0af37a9db7fbe7907c32,Agrochain,103
316,addr_test1vpzku594vvreljrswwwqnenycy65fl2uue7q8jffsjy9sdccyw7x7,a0922a11cc9dde96fe7285f6856e23616e8c12da674ecda5a0b7cada,NuTron,889
317,addr_test1vqfemrr9asgtrqc4ws2rvlf923tf7nd8kefmc5uyf6jx66srvsrf7,a0922a11cc9dde96fe7285f6856e23616e8c12da674ecda5a0b7cada,NuTron,862
318,addr_test1vpsszj3cvcz9dcjcqlr37drczqnd992fpwk24cd6gsljpusq0g5nz,19bb9f9b1f89d54ea8f6274af15e2bfbf2730362d711cb26c8a92eb7,tClay,283
319,addr_test1vqznze3j2vqhedmklwteaxjaj3w5rlchsthhqlxl2asasfsyvcxus,f50e49cd95d6b6d9c3f4d760321c8eced1e89f461a495be76849d789,NanoNet,855
320,addr_test1vzwv8pgvwd2upknjnxwp9ht6u0v8knr836zrxy3clhxsd4qvkmy2w,e02aa67d70e1be127a528b09e38b73882d824766df74a7dc126cece2,StellarWars,315
321,addr_test1vpa2t648s0gkatu9vw44xel287nyw06n48m4kv7aer80k6gzghs7y,19bb9f9b1f89d54ea8f6274af15e2bfbf2730362d711cb26c8a92eb7,tClay,752
322,addr_test1vzz8l2jsjnsq0rgsc2qxxz4ty8eh24qr0slc0atelun5d2gc6u3xj,b2ae7d28fcc067c62342b4ea4073987c0e13159cf10e73ed762d5f69,JungleApes,652
323,addr_test1vrnjavawcv66l076zwmg2z765d9aaxp0q6hwaqc8mdkgspcz3qjpn,b2ae7d28fcc067c62342b4ea4073987c0e13159cf10e73ed762d5f69,JungleApes,354
324,addr_test1vzerlvy5dupndqsvtwnand2nelvdhlrnk7xeaks7q4t2rss8aw6y0,08e81885037e4e6a7b3960b551260a4d29ed856bc10857f1bbac3a8f,SpaceCats,937
325,addr_test1vz73whcxac4dnyf20zhhgtg0gzmat05780ykh4gak2lu62g7ezatn,08e81885037e4e6a7b3960b551260a4d29ed856bc10857f1bbac3a8f,SpaceCats,209
326,addr_test1vzsgzud2cftvzhdffaptfvjtw7ae5zzv24cceaeltmxfvdckzg3tm,84e2b7e0ec32f81091c30f7a38b32c595f79ba8b54f0f98e2658873e,TitanCoin,367
327,addr_test1vzj35dhqj4syueu59cjxydvx58a5wp57gxm6xxentqcc3nsvmlxzm,08e81885037e4e6a7b3960b551260a4d29ed856bc10857f1bbac3a8f,SpaceCats,151
328,addr_test1vquhq8cj5u6cw4zne2tend5x65ck5zfa3qrs36r4h3v2xuqcxf7kd,e66b8b16476aaa28d81a56dd75151c44a3aafa0e6b7189cbd6e545d6,QuantumPulse,949
329,addr_test1vphtk0gnuf25rmqwx6ps5nggfctdt2f3w86vuny0sq3vytgajxs8a,b2ae7d28fcc067c62342b4ea4073987c0e13159cf10e73ed762d5f69,JungleApes,202
330,addr_test1vp55fhh7j4lwagpzyhyp00j3gutatzrv298s2qnxkaucrvg9sz75j,a0922a11cc9dde96fe7285f6856e23616e8c12da674ecda5a0b7cada,NuTron,124
331,addr_test1vzncryncrytys8u5hd453yepj9ctn0kvec3a65tzshjfx8gkec453,b5b9b76694768dd99362ff2e48d6f42b91cd0af37a9db7fbe7907c32,Agrochain,103
332,addr_test1vp9mnr42wru70lj925cnz7jz6kuy4ej682qx7psgy4f0qcckh2549,b5b9b76694768dd99362ff2e48d6f42b91cd0af37a9db7fbe7907c32,Agrochain,734
333,addr_test1vpn9ugela730e5a3s5hh8tfw4ma0gehhzm64mqfert7fxjgvryd82,84e2b7e0ec32f81091c30f7a38b32c595f79ba8b54f0f98e2658873e,TitanCoin,774
334,addr_test1vr6a52pd386mmt8a67zv5vtgmq8jmwel7dajw4uzlrxtlqqn2t6yf,b5b9b76694768dd99362ff2e48d6f42b91cd0af37a9db7fbe7907c32,Agrochain,869
335,addr_test1vq9yvwae5mzcjh2junnwp5a2c76606rws4jwma3rec6w03slq27te,08e81885037e4e6a7b3960b551260a4d29ed856bc10857f1bbac3a8f,SpaceCats,780
336,addr_test1vpt2z638098qs7t383r89qeyck06ecf7rfww72x6fxx4jkq4nhrlg,84e2b7e0ec32f81091c30f7a38b32c595f79ba8b54f0f98e2658873e,TitanCoin,361
337,addr_test1vztnxe76wud07hpv3m4rwmhcngl3vc50rac6lgzy8vcyejc2fdzj3,19bb9f9b1f89d54ea8f6274af15e2bfbf2730362d711cb26c8a92eb7,tClay,896
338,addr_test1vzqldszz9ehz64pamd5qarsnqyqvm5rczk4gw0zussfc8kcyazxnr,a0922a11cc9dde96fe7285f6856e23616e8c12da674ecda5a0b7cada,NuTron,686
339,addr_test1vq5g0vjp9vqj2mlfdwc6dh9q05pmhzlkuek7rz7tqqpfy2cxcqpc8,84e2b7e0ec32f81091c30f7a38b32c595f79ba8b54f0f98e2658873e,TitanCoin,914
340,addr_test1vq3pl5spmgv92e2jyrydjr2tlkq6yczracpprv0egu8z4xs5ddjxj,b2ae7d28fcc067c62342b4ea4073987c0e13159cf10e73ed762d5f69,JungleApes,517
341,addr_test1vzmwfznrm07zd7akter0477zjtcvq6vp7rwrvjufrj23x2cn49keq,e66b8b16476aaa28d81a56dd75151c44a3aafa0e6b7189cbd6e545d6,QuantumPulse,617
342,addr_test1vptdaft299rgqa0xdjt0dk7200a70qqrcawlm5nweg4v07s6d65ra,e66b8b16476aaa28d81a56dd75151c44a3aafa0e6b7189cbd6e545d6,QuantumPulse,817
343,addr_test1vp28ya0r8q04uey434sgzwpcmv4act9kuj2x2jk85hx89ugn7cct2,84e2b7e0ec32f81091c30f7a38b32c595f79ba8b54f0f98e2658873e,TitanCoin,645
344,addr_test1vra78au4dd63csqeczkyx9w35u2ntal03dhqpmdn3suk3zccek9lu,b2ae7d28fcc067c62342b4ea4073987c0e13159cf10e73ed762d5f69,JungleApes,562
345,addr_test1vr6n95djhszahqddqz3v2zx8ta8j5rl6z9yqn8d3t0x4xdch793z9,84e2b7e0ec32f81091c30f7a38b32c595f79ba8b54f0f98e2658873e,TitanCoin,279
346,addr_test1vz4xzw0ckqfw5nzzmtp8evm8y39rxj26fyt53h0cusu5z2qmuazmp,19bb9f9b1f89d54ea8f6274af15e2bfbf2730362d711cb26c8a92eb7,tClay,265
347,addr_test1vzfzkhne07n9zsyhu309nn2yfyufved8js89y73m2wcj9kgc2nhsd,e02aa67d70e1be127a528b09e38b73882d824766df74a7dc126cece2,StellarWars,160
348,addr_test1vzl7pevj8y58gvfyr5jw2n27tmleqd4f72fpz6kxhs6ch7cjnj5t9,19bb9f9b1f89d54ea8f6274af15e2bfbf2730362d711cb26c8a92eb7,tClay,393
349,addr_test1vqqcwag8xyufemwlg9vs7qvrhhgtyunn8mts6ca8dlz7szcckhegl,19bb9f9b1f89d54ea8f6274af15e2bfbf2730362d711cb26c8a92eb7,tClay,527
350,addr_test1vr458afvzmzh4kdx2mrufrgykldtt8eafu8je5r6xdakk2ck0ut2m,08e81885037e4e6a7b3960b551260a4d29ed856bc10857f1bbac3a8f,SpaceCats,396
351,addr_test1vpztvdtgvxa49xkgw3xdfcqax8jl9v34vhdqs66z8zfw7hc36fc5r,84e2b7e0ec32f81091c30f7a38b32c595f79ba8b54f0f98e2658873e,TitanCoin,342
352,addr_test1vr45974xdzchz2d88pmggthenlp0plejl8zxj7dp39uaf6c985uf7,b2ae7d28fcc067c62342b4ea4073987c0e13159cf10e73ed762d5f69,JungleApes,874
353,addr_test1vpvlpa9p0cy2htk7nmsgwu4lt5l8rkjap29fm7exw5xvfeg9pxxc0,e66b8b16476aaa28d81a56dd75151c44a3aafa0e6b7189cbd6e545d6,QuantumPulse,716
354,addr_test1vrm69fxk4kxw4x5hckrusknfpfzz04gteguq5j8z97fgvzcdl3ah5,f50e49cd95d6b6d9c3f4d760321c8eced1e89f461a495be76849d789,NanoNet,492
355,addr_test1vq8v5g5v054ynev028909fdg08sdujaedl9fc37cy4z57ag44k6yu,e02aa67d70e1be127a528b09e38b73882d824766df74a7dc126cece2,StellarWars,719
356,addr_test1vpfq0ct9e2ghj6kn3ehfxqza85mlx893mv3r75qquk79rtck2l838,08e81885037e4e6a7b3960b551260a4d29ed856bc10857f1bbac3a8f,SpaceCats,591
357,addr_test1vpkdmucx7q87c7u6u7pwr4st3jh0ztnwx4g6z3r87w6mresx3d4su,b5b9b76694768dd99362ff2e48d6f42b91cd0af37a9db7fbe7907c32,Agrochain,277
358,addr_test1vp3c66n2ultmg2zs37mmyxcf2k82zks3mdxvxkunt0tuknqgxgdlx,84e2b7e0ec32f81091c30f7a38b32c595f79ba8b54f0f98e2658873e,TitanCoin,890
359,addr_test1vzuxaun0p6zymnlhnknhz5uk687990va2h8k0wd0evcca4s5rjvx2,f50e49cd95d6b6d9c3f4d760321c8eced1e89f461a495be76849d789,NanoNet,636
360,addr_test1vrcg0mnnc0rm8ueu76ufdcylf6pnaahg7rmckh5qnmdveag3zkkfu,08e81885037e4e6a7b3960b551260a4d29ed856bc10857f1bbac3a8f,SpaceCats,828
361,addr_test1vpxn2yjpyx09y980uexp89wdh6lwcpuzucrylkr7z6rsthc2v2rhe,a0922a11cc9dde96fe7285f6856e23616e8c12da674ecda5a0b7cada,NuTron,239
362,addr_test1vp2epws94hrc40af34cgkz0egjfpxyhmyg5ks2g7rrmju7qmhmwwy,b5b9b76694768dd99362ff2e48d6f42b91cd0af37a9db7fbe7907c32,Agrochain,798
363,addr_test1vptzdw4cgadjxqwp4nh8ngwmq456x6mmrw9en7t3j28jmtqy6m60h,9f5b8c9fb2efa75cf3e8b0406213bcdbe27e280fe25e28717b369b7d,BurstZK,626
364,addr_test1vrr77l75jllcesrgsgzsh4jj75pswvete73yvx4sdxqvaggzk0255,19bb9f9b1f89d54ea8f6274af15e2bfbf2730362d711cb26c8a92eb7,tClay,884
365,addr_test1vqu2n24jkwu0z337074x9dkt97dx8psnp4l5ufr24adak8c0za3mm,f50e49cd95d6b6d9c3f4d760321c8eced1e89f461a495be76849d789,NanoNet,664
366,addr_test1vzwfkputgec8ca2utn7s3a3nemzshkqf9y8ajg87z2xnmuspx43ed,e66b8b16476aaa28d81a56dd75151c44a3aafa0e6b7189cbd6e545d6,QuantumPulse,953
367,addr_test1vzys2apaxndk0melp7ru48025c7j3nvwm42wujqr7vg59lck29ae2,f50e49cd95d6b6d9c3f4d760321c8eced1e89f461a495be76849d789,NanoNet,624
368,addr_test1vq06p7xguhdl3t8xx8c3mzfmx2dul53lf84t83vxm8ywmgss99lnu,e66b8b16476aaa28d81a56dd75151c44a3aafa0e6b7189cbd6e545d6,QuantumPulse,191
369,addr_test1vzv8nfh384aw24zpqcc3q75z6j67cl0mxe2ps49yhy4kcvqtljpwn,e66b8b16476aaa28d81a56dd75151c44a3aafa0e6b7189cbd6e545d6,QuantumPulse,689
